date,ALL,A,NS,CNAME,PTR,TXT,AAAA
2014-01-07 17,29167,11418,3990,13759,0,0,0
2014-01-07 18,28333,10826,3732,13775,0,0,0
2014-01-07 19,28447,11273,3471,13703,0,0,0
2014-01-07 20,28508,10883,3660,13965,0,0,0
2014-01-07 21,28440,11040,3477,13923,0,0,0
2014-01-07 22,27077,10530,3399,13148,0,0,0
2014-01-07 23,20511,7472,2475,10564,0,0,0
2014-01-08 00,12670,4682,1440,6548,0,0,0
2014-01-08 01,6458,1928,624,3906,0,0,0
2014-01-08 02,3500,729,288,2483,0,0,0
2014-01-08 03,2430,528,216,1686,0,0,0
2014-01-08 04,1916,391,195,1330,0,0,0
2014-01-08 05,2293,609,291,1393,0,0,0
2014-01-08 06,3354,863,390,2101,0,0,0
2014-01-08 07,9234,2899,1206,5129,0,0,0
2014-01-08 08,23810,8655,2988,12167,0,0,0
2014-01-08 09,33184,12404,4263,16517,0,0,0
2014-01-08 10,35787,13628,4752,17407,0,0,0
2014-01-08 11,32310,12063,4308,15939,0,0,0
2014-01-08 12,31428,11810,4023,15595,0,0,0
2014-01-08 13,28715,11219,3804,13692,0,0,0
2014-01-08 14,21706,2711,4152,14843,0,0,0
2014-01-08 15,22369,2782,4482,15105,0,0,0
2014-01-08 16,23259,3010,4869,15380,0,0,0
2014-01-08 17,20444,2445,3789,14210,0,0,0
2014-01-08 18,19892,2353,3636,13903,0,0,0
2014-01-08 19,19396,2390,3648,13358,0,0,0
2014-01-08 20,19340,2419,3657,13264,0,0,0
2014-01-08 21,18921,2282,3549,13090,0,0,0
2014-01-08 22,18068,2268,3426,12374,0,0,0
2014-01-08 23,13937,1682,2628,9627,0,0,0
2014-01-09 00,8014,786,1104,6124,0,0,0
2014-01-09 01,4558,341,471,3746,0,0,0
2014-01-09 02,3216,207,318,2691,0,0,0
2014-01-09 03,2439,178,237,2024,0,0,0
2014-01-09 04,1910,88,147,1675,0,0,0
2014-01-09 05,1939,146,189,1604,0,0,0
2014-01-09 06,2827,228,339,2260,0,0,0
2014-01-09 07,6896,805,1104,4987,0,0,0
2014-01-09 08,17434,2336,3207,11891,0,0,0
2014-01-09 09,21383,2630,4212,14541,0,0,0
2014-01-09 10,23006,3028,4686,15292,0,0,0
2014-01-09 11,21833,2719,4197,14917,0,0,0
2014-01-09 12,20079,2532,3942,13605,0,0,0
2014-01-09 13,19458,2308,3633,13517,0,0,0
2014-01-09 14,20286,2586,3834,13866,0,0,0
2014-01-09 15,20954,2771,4422,13761,0,0,0
2014-01-09 16,20976,2875,4659,13442,0,0,0
2014-01-09 17,15919,2046,3141,10732,0,0,0
2014-01-09 18,16609,1943,3279,11387,0,0,0
2014-01-09 19,14987,1728,2823,10436,0,0,0
2014-01-09 20,14168,1640,2649,9879,0,0,0
2014-01-09 21,14427,1781,2799,9847,0,0,0
2014-01-09 22,13430,1654,2649,9127,0,0,0
2014-01-09 23,10640,1190,1884,7566,0,0,0
2014-01-10 00,6864,745,1188,4931,0,0,0
2014-01-10 01,4502,313,477,3712,0,0,0
2014-01-10 02,2989,207,324,2458,0,0,0
2014-01-10 03,2296,154,240,1902,0,0,0
2014-01-10 04,1927,154,246,1527,0,0,0
2014-01-10 05,1907,133,210,1564,0,0,0
2014-01-10 06,2738,219,348,2171,0,0,0
2014-01-10 07,6508,799,1077,4632,0,0,0
2014-01-10 08,14529,1883,2709,9937,0,0,0
2014-01-10 09,17988,2094,3336,12558,0,0,0
2014-01-10 10,20002,2657,4029,13316,0,0,0
2014-01-10 11,18583,2228,3543,12812,0,0,0
2014-01-10 12,18110,2152,3297,12661,0,0,0
2014-01-10 13,15681,1846,2979,10856,0,0,0
2014-01-10 14,18948,2390,3711,12847,0,0,0
2014-01-10 15,20369,2615,3921,13833,0,0,0
2014-01-10 16,21282,2642,4206,14434,0,0,0
2014-01-10 17,16683,1872,2907,11904,0,0,0
2014-01-10 18,15632,1561,2442,11629,0,0,0
2014-01-10 19,16989,1994,2994,12001,0,0,0
2014-01-10 20,16758,1831,2811,12116,0,0,0
2014-01-10 21,14274,1679,2559,10036,0,0,0
2014-01-10 22,11998,1556,2430,8012,0,0,0
2014-01-10 23,9817,1255,1854,6708,0,0,0
2014-01-11 00,6888,641,945,5302,0,0,0
2014-01-11 01,5265,377,618,4270,0,0,0
2014-01-11 02,3612,278,396,2938,0,0,0
2014-01-11 03,2490,153,264,2073,0,0,0
2014-01-11 04,1901,140,180,1581,0,0,0
2014-01-11 05,2006,167,276,1563,0,0,0
2014-01-11 06,2390,183,306,1901,0,0,0
2014-01-11 07,4127,331,432,3364,0,0,0
2014-01-11 08,9284,1055,1524,6705,0,0,0
2014-01-11 09,13381,1559,2325,9497,0,0,0
2014-01-11 10,16255,1725,2763,11767,0,0,0
2014-01-11 11,15919,1758,2790,11371,0,0,0
2014-01-11 12,15598,1627,2592,11379,0,0,0
2014-01-11 13,14127,1442,2223,10462,0,0,0
2014-01-11 14,13281,1395,2208,9678,0,0,0
2014-01-11 20,12467,1372,2103,8992,0,0,0
2014-01-11 21,12006,1655,2373,7978,0,0,0
2014-01-11 23,8025,962,1437,5626,0,0,0
2014-01-12 00,2500,260,375,1865,0,0,0
2014-01-12 01,2376,185,312,1879,0,0,0
2014-01-12 02,1747,117,189,1441,0,0,0
2014-01-12 03,1287,69,126,1092,0,0,0
2014-01-12 04,1209,92,159,958,0,0,0
2014-01-12 05,996,49,90,857,0,0,0
2014-01-12 06,1202,85,132,985,0,0,0
2014-01-12 07,2010,147,231,1632,0,0,0
2014-01-12 08,3295,397,585,2313,0,0,0
2014-01-12 09,4817,586,855,3376,0,0,0
2014-01-12 10,6058,622,1017,4419,0,0,0
2014-01-12 11,5829,618,1002,4209,0,0,0
2014-01-12 12,5731,648,1032,4051,0,0,0
2014-01-12 13,8122,912,1425,5785,0,0,0
2014-01-12 14,7737,901,1407,5429,0,0,0
2014-01-12 15,7806,938,1470,5398,0,0,0
2014-01-12 16,7991,952,1482,5557,0,0,0
2014-01-12 17,7495,853,1398,5244,0,0,0
2014-01-12 18,7221,810,1224,5187,0,0,0
2014-01-12 19,7991,1023,1539,5429,0,0,0
2014-01-12 20,8146,1045,1602,5499,0,0,0
2014-01-12 21,8862,1240,1902,5720,0,0,0
2014-01-12 22,8504,1133,1809,5562,0,0,0
2014-01-12 23,6026,726,1119,4181,0,0,0
2014-01-13 00,3117,278,423,2416,0,0,0
2014-01-13 01,2058,160,252,1646,0,0,0
2014-01-13 02,1475,135,174,1166,0,0,0
2014-01-13 03,1052,59,147,846,0,0,0
2014-01-13 04,859,65,129,665,0,0,0
2014-01-13 05,804,62,102,640,0,0,0
2014-01-13 06,1188,105,153,930,0,0,0
2014-01-13 07,2984,358,537,2089,0,0,0
2014-01-13 08,7562,993,1458,5111,0,0,0
2014-01-13 09,9274,1024,1590,6660,0,0,0
2014-01-13 10,11378,1586,2340,7452,0,0,0
2014-01-13 11,10163,1208,2013,6942,0,0,0
2014-01-13 12,8288,935,1479,5874,0,0,0
2014-01-13 13,8686,1030,1635,6021,0,0,0
2014-01-13 14,9932,1452,2307,6173,0,0,0
2014-01-13 15,10989,1832,2571,6586,0,0,0
2014-01-13 16,18524,2427,3675,12422,0,0,0
2014-01-13 17,17419,2061,3063,12295,0,0,0
2014-01-13 18,14479,1602,2367,10510,0,0,0
2014-01-13 19,12119,1399,2094,8626,0,0,0
2014-01-13 20,13723,1679,2499,9545,0,0,0
2014-01-13 21,12747,1466,2280,9001,0,0,0
2014-01-13 22,12944,1559,2430,8955,0,0,0
2014-01-13 23,8552,920,1500,6132,0,0,0
2014-01-14 00,5436,546,843,4047,0,0,0
2014-01-14 01,3743,317,510,2916,0,0,0
2014-01-14 02,2570,199,321,2050,0,0,0
2014-01-14 03,1931,128,246,1557,0,0,0
2014-01-14 04,1557,126,201,1230,0,0,0
2014-01-14 05,1632,133,222,1277,0,0,0
2014-01-14 06,2205,202,288,1715,0,0,0
2014-01-14 07,4875,546,816,3513,0,0,0
2014-01-14 08,14415,2017,2787,9611,0,0,0
2014-01-14 09,17374,1964,2919,12491,0,0,0
2014-01-14 10,18952,2510,3786,12656,0,0,0
2014-01-14 11,18119,2271,3600,12248,0,0,0
2014-01-14 12,13925,1496,2262,10167,0,0,0
2014-01-14 13,13065,1498,2289,9278,0,0,0
2014-01-14 14,18177,2175,3327,12675,0,0,0
2014-01-14 15,18200,2424,3747,12029,0,0,0
2014-01-14 16,18386,2284,3639,12463,0,0,0
2014-01-14 17,15130,1838,2865,10427,0,0,0
2014-01-14 18,13168,1316,2028,9824,0,0,0
2014-01-14 19,12657,1265,2025,9367,0,0,0
2014-01-14 20,14122,1515,2298,10309,0,0,0
2014-01-14 21,15063,1697,2748,10618,0,0,0
2014-01-14 22,13445,1568,2463,9414,0,0,0
2014-01-14 23,10095,1080,1674,7341,0,0,0
2014-01-15 00,6163,605,924,4634,0,0,0
2014-01-15 01,3588,267,411,2910,0,0,0
2014-01-15 02,2506,246,354,1906,0,0,0
2014-01-15 03,1750,143,225,1382,0,0,0
2014-01-15 04,1352,109,198,1045,0,0,0
2014-01-15 05,1491,136,213,1142,0,0,0
2014-01-15 06,2218,228,351,1639,0,0,0
2014-01-15 07,5166,588,897,3681,0,0,0
2014-01-15 08,13297,1743,2613,8941,0,0,0
2014-01-15 09,17498,2242,3462,11794,0,0,0
2014-01-15 10,19194,2262,3585,13347,0,0,0
2014-01-15 11,16505,1972,3174,11359,0,0,0
2014-01-15 12,15723,1603,2577,11543,0,0,0
2014-01-15 13,15072,1728,2667,10677,0,0,0
2014-01-15 14,14586,1694,2658,10234,0,0,0
2014-01-15 15,14806,1785,2778,10243,0,0,0
2014-01-15 16,10790,1387,2163,7240,0,0,0
2014-01-15 17,7828,788,1263,5777,0,0,0
2014-01-15 18,7255,784,1203,5268,0,0,0
2014-01-15 20,7340,726,1161,5453,0,0,0
2014-01-15 21,10946,1045,1548,8353,0,0,0
2014-01-15 22,10231,998,1452,7781,0,0,0
2014-01-15 23,8134,793,1215,6126,0,0,0
2014-01-16 00,5371,450,768,4153,0,0,0
2014-01-16 01,3394,273,444,2677,0,0,0
2014-01-16 02,1975,116,228,1631,0,0,0
2014-01-16 03,1483,107,186,1190,0,0,0
2014-01-16 04,1204,111,153,940,0,0,0
2014-01-16 05,1127,84,159,884,0,0,0
2014-01-16 06,1798,188,273,1337,0,0,0
2014-01-16 07,4124,486,654,2984,0,0,0
2014-01-16 08,11867,1656,2415,7796,0,0,0
2014-01-16 09,14253,1628,2592,10033,0,0,0
2014-01-16 10,14910,1860,2853,10197,0,0,0
2014-01-16 11,13652,1616,2574,9462,0,0,0
2014-01-16 12,12455,1376,2166,8913,0,0,0
2014-01-16 13,12633,1320,2136,9177,0,0,0
2014-01-16 14,13765,1573,2508,9684,0,0,0
2014-01-16 15,15571,1847,2886,10838,0,0,0
2014-01-16 16,14558,1709,2622,10227,0,0,0
2014-01-16 17,11558,1239,1962,8357,0,0,0
2014-01-16 18,12349,1319,2031,8999,0,0,0
2014-01-16 19,13151,1334,2124,9693,0,0,0
2014-01-16 20,13434,1470,2190,9774,0,0,0
2014-01-16 21,12798,1310,2016,9472,0,0,0
2014-01-16 22,10958,1059,1680,8219,0,0,0
2014-01-16 23,8831,941,1368,6522,0,0,0
2014-01-17 00,5842,490,765,4587,0,0,0
2014-01-17 01,3472,245,390,2837,0,0,0
2014-01-17 02,2282,154,264,1864,0,0,0
2014-01-17 03,1774,141,216,1417,0,0,0
2014-01-17 04,1383,102,174,1107,0,0,0
2014-01-17 05,1405,126,201,1078,0,0,0
2014-01-17 06,1873,138,219,1516,0,0,0
2014-01-17 07,5056,596,873,3587,0,0,0
2014-01-17 08,13419,1741,2610,9068,0,0,0
2014-01-17 09,16410,2041,3117,11252,0,0,0
2014-01-17 10,18844,2294,3633,12917,0,0,0
2014-01-17 11,15493,1652,2688,11153,0,0,0
2014-01-17 12,14352,1502,2361,10489,0,0,0
2014-01-17 13,14376,1557,2430,10389,0,0,0
2014-01-17 14,14927,1702,2679,10546,0,0,0
2014-01-17 15,15490,1745,2829,10916,0,0,0
2014-01-17 16,16685,2025,3171,11489,0,0,0
2014-01-17 17,9536,1071,1725,6740,0,0,0
2014-01-17 18,5003,518,831,3654,0,0,0
2014-01-17 19,4382,354,543,3485,0,0,0
2014-01-17 20,4425,376,561,3488,0,0,0
2014-01-17 21,4439,444,675,3320,0,0,0
2014-01-17 22,4209,342,516,3351,0,0,0
2014-01-17 23,3300,333,441,2526,0,0,0
2014-01-18 00,2192,181,294,1717,0,0,0
2014-01-18 01,1709,162,264,1283,0,0,0
2014-01-18 02,1841,92,168,1581,0,0,0
2014-01-18 03,1239,66,111,1062,0,0,0
2014-01-18 04,1107,76,126,905,0,0,0
2014-01-18 05,1071,90,120,861,0,0,0
2014-01-18 06,1306,117,198,991,0,0,0
2014-01-18 07,2838,358,525,1955,0,0,0
2014-01-18 08,5748,642,1044,4062,0,0,0
2014-01-18 09,8601,1061,1686,5854,0,0,0
2014-01-18 10,9058,988,1572,6498,0,0,0
2014-01-18 11,9220,1055,1722,6443,0,0,0
2014-01-18 12,8314,948,1422,5944,0,0,0
2014-01-18 13,9899,1016,1629,7254,0,0,0
2014-01-18 14,11148,1221,1914,8013,0,0,0
2014-01-18 15,11675,1325,2196,8154,0,0,0
2014-01-18 16,12628,1533,2484,8611,0,0,0
2014-01-18 17,10559,1196,1848,7515,0,0,0
2014-01-18 18,10089,960,1560,7569,0,0,0
2014-01-18 19,9870,1004,1581,7285,0,0,0
2014-01-18 20,10660,1158,1782,7720,0,0,0
2014-01-18 21,11119,1266,1911,7942,0,0,0
2014-01-18 22,9777,1048,1560,7169,0,0,0
2014-01-18 23,7870,773,1269,5828,0,0,0
2014-01-19 00,3681,322,573,2786,0,0,0
2014-01-19 01,3652,357,531,2764,0,0,0
2014-01-19 02,1418,76,129,1213,0,0,0
2014-01-19 03,980,87,126,767,0,0,0
2014-01-19 04,823,75,99,649,0,0,0
2014-01-19 05,746,46,87,613,0,0,0
2014-01-19 06,935,62,132,741,0,0,0
2014-01-19 07,1814,210,315,1289,0,0,0
2014-01-19 08,2602,254,447,1901,0,0,0
2014-01-19 09,5222,658,996,3568,0,0,0
2014-01-19 10,5676,585,930,4161,0,0,0
2014-01-19 11,6794,647,1101,5046,0,0,0
2014-01-19 12,10070,1132,1809,7129,0,0,0
2014-01-19 13,10362,1118,1689,7555,0,0,0
2014-01-19 14,10518,1099,1779,7640,0,0,0
2014-01-19 15,11195,1239,2037,7919,0,0,0
2014-01-19 16,11201,1352,2238,7611,0,0,0
2014-01-19 17,9112,1077,1752,6283,0,0,0
2014-01-19 18,8114,917,1398,5799,0,0,0
2014-01-19 19,7857,804,1299,5754,0,0,0
2014-01-19 20,7881,874,1347,5660,0,0,0
2014-01-19 21,10167,1198,1854,7115,0,0,0
2014-01-19 22,8858,1000,1521,6337,0,0,0
2014-01-19 23,7103,763,1179,5161,0,0,0
2014-01-20 00,4210,363,555,3292,0,0,0
2014-01-20 01,3047,267,396,2384,0,0,0
2014-01-20 02,2092,145,252,1695,0,0,0
2014-01-20 03,1542,116,213,1213,0,0,0
2014-01-20 04,1237,95,144,998,0,0,0
2014-01-20 05,1250,110,165,975,0,0,0
2014-01-20 06,1823,175,288,1360,0,0,0
2014-01-20 07,4054,474,753,2827,0,0,0
2014-01-20 08,10553,1337,2280,6936,0,0,0
2014-01-20 09,14043,1853,3156,9034,0,0,0
2014-01-20 10,13590,1568,2568,9454,0,0,0
2014-01-20 11,12619,1551,2595,8473,0,0,0
2014-01-20 12,11189,1128,1986,8075,0,0,0
2014-01-20 13,10720,1203,1923,7594,0,0,0
2014-01-20 14,11461,1300,2016,8145,0,0,0
2014-01-20 15,12216,1451,2316,8449,0,0,0
2014-01-20 16,11483,1266,2115,8102,0,0,0
2014-01-20 17,10244,1211,1905,7128,0,0,0
2014-01-20 18,8140,791,1242,6107,0,0,0
2014-01-20 19,8794,909,1398,6487,0,0,0
2014-01-20 20,7820,777,1212,5831,0,0,0
2014-01-20 21,5710,590,945,4175,0,0,0
2014-01-20 22,5204,619,924,3661,0,0,0
2014-01-20 23,3583,353,552,2678,0,0,0
2014-01-21 00,2571,274,393,1904,0,0,0
2014-01-21 01,1696,177,258,1261,0,0,0
2014-01-21 02,1398,146,273,979,0,0,0
2014-01-21 03,752,23,63,666,0,0,0
2014-01-21 04,727,69,102,556,0,0,0
2014-01-21 05,749,76,129,544,0,0,0
2014-01-21 06,941,98,147,696,0,0,0
2014-01-21 07,2097,272,393,1432,0,0,0
2014-01-21 08,5489,800,1143,3546,0,0,0
2014-01-21 09,6979,814,1326,4839,0,0,0
2014-01-21 10,6868,751,1251,4866,0,0,0
2014-01-21 11,7220,888,1398,4934,0,0,0
2014-01-21 12,10160,1127,1779,7254,0,0,0
2014-01-21 13,9503,959,1551,6993,0,0,0
2014-01-21 14,3354,360,585,2409,0,0,0
2014-01-21 15,9426,1235,1845,6346,0,0,0
2014-01-21 16,13325,1579,2625,9121,0,0,0
2014-01-21 17,11173,1321,2133,7719,0,0,0
2014-01-21 18,9288,922,1434,6932,0,0,0
2014-01-21 19,10132,1107,1668,7357,0,0,0
2014-01-21 20,10178,1195,1830,7153,0,0,0
2014-01-21 21,9864,1142,1746,6976,0,0,0
2014-01-21 22,9592,1104,1743,6745,0,0,0
2014-01-21 23,6719,687,1014,5018,0,0,0
2014-01-22 00,4811,487,717,3607,0,0,0
2014-01-22 01,2813,214,333,2266,0,0,0
2014-01-22 02,1956,125,207,1624,0,0,0
2014-01-22 03,1382,108,165,1109,0,0,0
2014-01-22 04,6193,1737,2637,1819,0,0,0
2014-01-22 05,1421,176,255,990,0,0,0
2014-01-22 06,1709,172,258,1279,0,0,0
2014-01-22 07,3962,518,729,2715,0,0,0
2014-01-22 08,9561,1305,1884,6372,0,0,0
2014-01-22 09,12620,1514,2316,8790,0,0,0
2014-01-22 10,12207,1421,2409,8377,0,0,0
2014-01-22 11,11610,1488,2409,7713,0,0,0
2014-01-22 12,5713,675,1116,3922,0,0,0
2014-01-22 13,4982,526,828,3628,0,0,0
2014-01-22 14,5969,714,1119,4136,0,0,0
2014-01-22 15,7156,998,1446,4712,0,0,0
2014-01-22 16,4734,620,1017,3097,0,0,0
2014-01-22 17,2742,307,507,1928,0,0,0
2014-01-22 18,2530,234,408,1888,0,0,0
2014-01-22 19,2582,367,513,1702,0,0,0
2014-01-22 20,7592,814,1290,5488,0,0,0
2014-01-22 21,7421,727,1125,5569,0,0,0
2014-01-22 22,6048,741,1098,4209,0,0,0
2014-01-22 23,3412,325,489,2598,0,0,0
2014-01-23 00,2367,199,348,1820,0,0,0
2014-01-23 01,1569,117,174,1278,0,0,0
2014-01-23 02,1003,70,93,840,0,0,0
2014-01-23 03,819,41,60,718,0,0,0
2014-01-23 04,863,87,132,644,0,0,0
2014-01-23 05,725,76,96,553,0,0,0
2014-01-23 06,941,113,138,690,0,0,0
2014-01-23 07,1949,250,342,1357,0,0,0
2014-01-23 08,4516,598,810,3108,0,0,0
2014-01-23 09,5722,681,1059,3982,0,0,0
2014-01-23 10,8942,1162,1821,5959,0,0,0
2014-01-23 11,9729,1172,1890,6667,0,0,0
2014-01-23 12,9489,1079,1659,6751,0,0,0
2014-01-23 13,6563,755,1149,4659,0,0,0
2014-01-23 14,6576,757,1182,4637,0,0,0
2014-01-23 15,8790,1025,1896,5869,0,0,0
2014-01-23 16,6502,760,1263,4479,0,0,0
2014-01-23 17,5622,633,1044,3945,0,0,0
2014-01-23 18,5068,566,861,3641,0,0,0
2014-01-23 19,5104,543,876,3685,0,0,0
2014-01-23 20,6531,715,1104,4712,0,0,0
2014-01-23 21,6085,659,1005,4421,0,0,0
2014-01-23 22,5527,673,1023,3831,0,0,0
2014-01-23 23,3983,436,660,2887,0,0,0
2014-01-24 00,2907,255,417,2235,0,0,0
2014-01-24 01,1759,120,192,1447,0,0,0
2014-01-24 02,4625,776,1146,2703,0,0,0
2014-01-24 03,845,44,75,726,0,0,0
2014-01-24 04,966,95,147,724,0,0,0
2014-01-24 05,908,86,108,714,0,0,0
2014-01-24 06,1257,148,222,887,0,0,0
2014-01-24 07,1911,157,267,1487,0,0,0
2014-01-24 08,5245,670,996,3579,0,0,0
2014-01-24 09,6773,887,1464,4422,0,0,0
2014-01-24 10,7905,998,1629,5278,0,0,0
2014-01-24 11,8131,973,1518,5640,0,0,0
2014-01-24 12,8752,1088,1746,5918,0,0,0
2014-01-24 13,7311,784,1338,5189,0,0,0
2014-01-24 14,7823,842,1407,5574,0,0,0
2014-01-24 15,8013,949,1446,5618,0,0,0
2014-01-24 16,7419,815,1356,5248,0,0,0
2014-01-24 17,6915,835,1353,4727,0,0,0
2014-01-24 18,5879,634,975,4270,0,0,0
2014-01-24 19,6277,732,1098,4447,0,0,0
2014-01-24 20,6197,708,1062,4427,0,0,0
2014-01-24 21,6295,706,1116,4473,0,0,0
2014-01-24 22,4958,464,696,3798,0,0,0
2014-01-24 23,4243,427,612,3204,0,0,0
2014-01-25 00,2773,245,384,2144,0,0,0
2014-01-25 01,2120,239,345,1536,0,0,0
2014-01-25 02,2055,268,486,1301,0,0,0
2014-01-25 03,929,73,99,757,0,0,0
2014-01-25 04,845,71,111,663,0,0,0
2014-01-25 05,972,94,171,707,0,0,0
2014-01-25 06,1104,117,168,819,0,0,0
2014-01-25 07,1894,241,300,1353,0,0,0
2014-01-25 08,3810,435,702,2673,0,0,0
2014-01-25 09,5832,772,1194,3866,0,0,0
2014-01-25 10,7218,922,1461,4835,0,0,0
2014-01-25 11,6024,661,1053,4310,0,0,0
2014-01-25 12,5373,633,1044,3696,0,0,0
2014-01-25 13,4845,566,927,3352,0,0,0
2014-01-25 14,5613,695,1170,3748,0,0,0
2014-01-25 15,6160,718,1215,4227,0,0,0
2014-01-25 16,6521,712,1218,4591,0,0,0
2014-01-25 17,5633,625,990,4018,0,0,0
2014-01-25 18,5742,628,990,4124,0,0,0
2014-01-25 19,5639,598,936,4105,0,0,0
2014-01-25 20,5004,570,921,3513,0,0,0
2014-01-25 21,5205,641,1008,3556,0,0,0
2014-01-25 22,5482,686,1053,3743,0,0,0
2014-01-25 23,4410,485,750,3175,0,0,0
2014-01-26 00,2945,278,411,2256,0,0,0
2014-01-26 01,1950,185,273,1492,0,0,0
2014-01-26 02,3063,531,882,1650,0,0,0
2014-01-26 03,980,75,102,803,0,0,0
2014-01-26 04,1020,107,168,745,0,0,0
2014-01-26 05,923,93,147,683,0,0,0
2014-01-26 06,1326,172,222,932,0,0,0
2014-01-26 07,2173,278,369,1526,0,0,0
2014-01-26 08,5179,639,972,3568,0,0,0
2014-01-26 09,7349,1050,1569,4730,0,0,0
2014-01-26 10,7758,1021,1644,5093,0,0,0
2014-01-26 11,7526,950,1479,5097,0,0,0
2014-01-26 12,6522,856,1419,4247,0,0,0
2014-01-26 13,6204,760,1182,4262,0,0,0
2014-01-26 14,7226,841,1368,5017,0,0,0
2014-01-26 15,7054,857,1401,4796,0,0,0
2014-01-26 16,7944,1031,1587,5326,0,0,0
2014-01-26 17,6488,716,1176,4596,0,0,0
2014-01-26 18,5616,538,882,4196,0,0,0
2014-01-26 19,5660,627,987,4046,0,0,0
2014-01-26 20,6679,769,1170,4740,0,0,0
2014-01-26 21,6034,585,942,4507,0,0,0
2014-01-26 22,5637,599,894,4144,0,0,0
2014-01-26 23,4688,550,813,3325,0,0,0
2014-01-27 00,3016,273,423,2320,0,0,0
2014-01-27 01,1798,149,219,1430,0,0,0
2014-01-27 02,1235,101,165,969,0,0,0
2014-01-27 03,1080,107,147,826,0,0,0
2014-01-27 04,1008,99,159,750,0,0,0
2014-01-27 05,1065,116,168,781,0,0,0
2014-01-27 06,1485,199,312,974,0,0,0
2014-01-27 07,2527,338,465,1724,0,0,0
2014-01-27 08,6433,889,1350,4194,0,0,0
2014-01-27 09,8064,1115,1692,5257,0,0,0
2014-01-27 10,8141,1089,1800,5252,0,0,0
2014-01-27 11,7217,915,1404,4898,0,0,0
2014-01-27 12,6942,849,1350,4743,0,0,0
2014-01-27 13,3287,396,621,2270,0,0,0
2014-01-27 14,4856,542,906,3408,0,0,0
2014-01-27 15,8119,1127,1749,5243,0,0,0
2014-01-27 16,8052,1013,1632,5407,0,0,0
2014-01-27 17,7127,861,1419,4847,0,0,0
2014-01-27 18,6082,638,1110,4334,0,0,0
2014-01-27 19,6273,686,1062,4525,0,0,0
2014-01-27 20,6460,735,1254,4471,0,0,0
2014-01-27 21,6376,753,1119,4504,0,0,0
2014-01-27 22,6479,701,1134,4644,0,0,0
2014-01-27 23,5348,592,855,3901,0,0,0
2014-01-28 00,3886,364,570,2952,0,0,0
2014-01-28 01,2550,226,324,2000,0,0,0
2014-01-28 02,1904,164,249,1491,0,0,0
2014-01-28 03,1382,111,183,1088,0,0,0
2014-01-28 04,1127,101,147,879,0,0,0
2014-01-28 05,1365,129,210,1026,0,0,0
2014-01-28 06,1652,164,240,1248,0,0,0
2014-01-28 07,2351,230,363,1758,0,0,0
2014-01-28 08,5887,783,1209,3895,0,0,0
2014-01-28 09,8163,1142,1887,5134,0,0,0
2014-01-28 10,8677,1120,1821,5736,0,0,0
2014-01-28 11,8416,1115,1845,5456,0,0,0
2014-01-28 12,7143,834,1374,4935,0,0,0
2014-01-28 13,6821,833,1305,4683,0,0,0
2014-01-28 14,6966,898,1443,4625,0,0,0
2014-01-28 15,7747,1065,1692,4990,0,0,0
2014-01-28 16,7515,1003,1620,4892,0,0,0
2014-01-28 17,6385,834,1356,4195,0,0,0
2014-01-28 18,5738,605,1029,4104,0,0,0
2014-01-28 19,5849,659,1053,4137,0,0,0
2014-01-28 20,5914,666,1080,4168,0,0,0
2014-01-28 21,6539,743,1269,4527,0,0,0
2014-01-28 22,5885,749,1185,3951,0,0,0
2014-01-28 23,4727,577,870,3280,0,0,0
2014-01-29 00,2769,228,384,2157,0,0,0
2014-01-29 01,2318,236,345,1737,0,0,0
2014-01-29 02,1430,111,201,1118,0,0,0
2014-01-29 03,1068,84,147,837,0,0,0
2014-01-29 04,1114,117,192,805,0,0,0
2014-01-29 05,1078,99,183,796,0,0,0
2014-01-29 06,1322,123,186,1013,0,0,0
2014-01-29 07,2390,295,414,1681,0,0,0
2014-01-29 08,5298,738,1161,3399,0,0,0
2014-01-29 09,7330,1056,1716,4558,0,0,0
2014-01-29 10,7362,1011,1683,4668,0,0,0
2014-01-29 11,7170,906,1482,4782,0,0,0
2014-01-29 12,5304,606,1035,3663,0,0,0
2014-01-29 13,5828,733,1122,3973,0,0,0
2014-01-29 14,6111,744,1269,4098,0,0,0
2014-01-29 15,6226,870,1395,3961,0,0,0
2014-01-29 16,5886,748,1305,3833,0,0,0
2014-01-29 17,4822,640,1083,3099,0,0,0
2014-01-29 18,4955,652,1044,3259,0,0,0
2014-01-29 19,4479,541,894,3044,0,0,0
2014-01-29 20,4688,569,942,3177,0,0,0
2014-01-29 21,4674,515,861,3298,0,0,0
2014-01-29 22,4681,551,849,3281,0,0,0
2014-01-29 23,4046,504,798,2744,0,0,0
2014-01-30 00,2577,246,402,1929,0,0,0
2014-01-30 01,1402,141,213,1048,0,0,0
2014-01-30 02,1294,118,213,963,0,0,0
2014-01-30 03,1210,132,201,877,0,0,0
2014-01-30 04,662,70,114,478,0,0,0
2014-01-30 05,752,85,132,535,0,0,0
2014-01-30 06,1032,118,198,716,0,0,0
2014-01-30 07,1915,267,429,1219,0,0,0
2014-01-30 08,3367,508,807,2052,0,0,0
2014-01-30 09,3877,471,828,2578,0,0,0
2014-01-30 10,4554,666,1089,2799,0,0,0
2014-01-30 11,4597,605,984,3008,0,0,0
2014-01-30 12,4170,512,894,2764,0,0,0
2014-01-30 13,3815,543,840,2432,0,0,0
2014-01-30 14,3961,490,804,2667,0,0,0
2014-01-30 15,3593,461,750,2382,0,0,0
2014-01-30 16,4682,618,1017,3047,0,0,0
2014-01-30 17,4466,538,915,3013,0,0,0
2014-01-30 18,3862,476,849,2537,0,0,0
2014-01-30 19,4427,518,885,3024,0,0,0
2014-01-30 20,2916,267,495,2154,0,0,0
2014-01-30 21,3227,354,645,2228,0,0,0
2014-01-30 22,3538,389,654,2495,0,0,0
2014-01-30 23,3851,479,708,2664,0,0,0
2014-01-31 00,4005,493,774,2738,0,0,0
2014-01-31 01,2346,233,375,1738,0,0,0
2014-01-31 02,1416,177,255,984,0,0,0
2014-01-31 03,1011,105,174,732,0,0,0
2014-01-31 04,859,101,171,587,0,0,0
2014-01-31 05,941,114,219,608,0,0,0
2014-01-31 06,1018,103,150,765,0,0,0
2014-01-31 07,1686,210,330,1146,0,0,0
2014-01-31 08,3121,443,714,1964,0,0,0
2014-01-31 09,4829,694,1104,3031,0,0,0
2014-01-31 10,6290,902,1458,3930,0,0,0
2014-01-31 11,5458,710,1200,3548,0,0,0
2014-01-31 12,4780,591,954,3235,0,0,0
2014-01-31 13,4357,480,822,3055,0,0,0
2014-01-31 14,3947,473,780,2694,0,0,0
2014-01-31 15,4415,534,879,3002,0,0,0
2014-01-31 16,5283,750,1203,3330,0,0,0
2014-01-31 17,5664,818,1398,3448,0,0,0
2014-01-31 18,4696,510,867,3319,0,0,0
2014-01-31 19,4564,499,822,3243,0,0,0
2014-01-31 20,4552,550,885,3117,0,0,0
2014-01-31 21,5256,653,1062,3541,0,0,0
2014-01-31 22,4296,438,756,3102,0,0,0
2014-01-31 23,3697,411,720,2566,0,0,0
2014-02-01 00,2605,268,438,1899,0,0,0
2014-02-01 01,1637,161,300,1176,0,0,0
2014-02-01 02,1228,142,219,867,0,0,0
2014-02-01 03,1022,115,189,718,0,0,0
2014-02-01 04,817,89,162,566,0,0,0
2014-02-01 05,813,78,144,591,0,0,0
2014-02-01 06,1320,168,285,867,0,0,0
2014-02-01 07,1819,220,375,1224,0,0,0
2014-02-01 08,3330,453,657,2220,0,0,0
2014-02-01 09,5255,693,1122,3440,0,0,0
2014-02-01 10,6596,906,1512,4178,0,0,0
2014-02-01 11,5343,685,1179,3479,0,0,0
2014-02-01 12,5050,642,1023,3385,0,0,0
2014-02-01 13,4169,476,768,2925,0,0,0
2014-02-01 14,4598,582,990,3026,0,0,0
2014-02-01 15,4952,661,975,3316,0,0,0
2014-02-01 16,3332,380,657,2295,0,0,0
2014-02-01 17,3787,547,879,2361,0,0,0
2014-02-01 18,2863,327,555,1981,0,0,0
2014-02-01 19,3366,422,723,2221,0,0,0
2014-02-01 20,3602,489,732,2381,0,0,0
2014-02-01 21,3638,452,675,2511,0,0,0
2014-02-01 22,3040,362,609,2069,0,0,0
2014-02-01 23,2200,195,318,1687,0,0,0
2014-02-02 00,1527,122,216,1189,0,0,0
2014-02-02 01,1173,123,213,837,0,0,0
2014-02-02 02,1103,98,162,843,0,0,0
2014-02-02 03,878,65,123,690,0,0,0
2014-02-02 04,1011,123,183,705,0,0,0
2014-02-02 05,897,90,174,633,0,0,0
2014-02-02 06,1209,143,216,850,0,0,0
2014-02-02 07,1748,214,330,1204,0,0,0
2014-02-02 08,3649,493,759,2397,0,0,0
2014-02-02 09,5540,786,1290,3464,0,0,0
2014-02-02 10,5481,721,1149,3611,0,0,0
2014-02-02 11,5498,723,1194,3581,0,0,0
2014-02-02 12,5025,588,954,3483,0,0,0
2014-02-02 13,4296,455,807,3034,0,0,0
2014-02-02 14,5175,647,1056,3472,0,0,0
2014-02-02 15,5283,578,981,3724,0,0,0
2014-02-02 16,6343,796,1299,4248,0,0,0
2014-02-02 17,5536,697,1194,3645,0,0,0
2014-02-02 18,5344,599,1014,3731,0,0,0
2014-02-02 19,4975,607,1038,3330,0,0,0
2014-02-02 20,5580,790,1212,3578,0,0,0
2014-02-02 21,5455,678,1011,3766,0,0,0
2014-02-02 22,4671,526,900,3245,0,0,0
2014-02-02 23,3343,435,669,2239,0,0,0
2014-02-03 00,1889,168,297,1424,0,0,0
2014-02-03 01,1317,151,231,935,0,0,0
2014-02-03 02,709,66,102,541,0,0,0
2014-02-03 03,693,87,135,471,0,0,0
2014-02-03 04,562,50,105,407,0,0,0
2014-02-03 05,657,102,144,411,0,0,0
2014-02-03 06,852,110,180,562,0,0,0
2014-02-03 07,1439,206,303,930,0,0,0
2014-02-03 08,2332,282,486,1564,0,0,0
2014-02-03 09,3904,533,864,2507,0,0,0
2014-02-03 10,4577,646,1098,2833,0,0,0
2014-02-03 11,4182,603,969,2610,0,0,0
2014-02-03 12,3590,388,678,2524,0,0,0
2014-02-03 13,3982,489,822,2671,0,0,0
2014-02-03 14,4665,601,933,3131,0,0,0
2014-02-03 15,5215,678,1098,3439,0,0,0
2014-02-03 16,5691,665,1077,3949,0,0,0
2014-02-03 17,4817,575,936,3306,0,0,0
2014-02-03 18,4409,478,855,3076,0,0,0
2014-02-03 19,4312,487,843,2982,0,0,0
2014-02-03 20,4808,626,960,3222,0,0,0
2014-02-03 21,4601,545,900,3156,0,0,0
2014-02-03 22,4292,541,867,2884,0,0,0
2014-02-03 23,2931,280,435,2216,0,0,0
2014-02-04 00,2052,183,336,1533,0,0,0
2014-02-04 01,1436,161,252,1023,0,0,0
2014-02-04 02,1133,123,204,806,0,0,0
2014-02-04 03,849,115,180,554,0,0,0
2014-02-04 04,696,63,114,519,0,0,0
2014-02-04 05,800,106,198,496,0,0,0
2014-02-04 06,923,110,186,627,0,0,0
2014-02-04 07,1733,222,333,1178,0,0,0
2014-02-04 08,3381,465,732,2184,0,0,0
2014-02-04 09,5254,742,1173,3339,0,0,0
2014-02-04 10,6269,882,1443,3944,0,0,0
2014-02-04 11,5625,740,1293,3592,0,0,0
2014-02-11 09,901,99,159,643,0,0,0
2014-02-11 10,4002,512,798,2692,0,0,0
2014-02-11 11,3821,514,816,2491,0,0,0
2014-02-11 12,3337,368,630,2339,0,0,0
2014-02-11 13,3050,357,543,2150,0,0,0
2014-02-11 14,3530,404,702,2424,0,0,0
2014-02-11 15,3851,470,762,2619,0,0,0
2014-02-11 16,4195,503,780,2912,0,0,0
2014-02-11 17,3428,363,609,2456,0,0,0
2014-02-11 18,3495,416,660,2419,0,0,0
2014-02-11 19,3002,308,522,2172,0,0,0
2014-02-11 20,3122,341,528,2253,0,0,0
2014-02-11 21,2816,331,528,1957,0,0,0
2014-02-11 22,2130,212,321,1597,0,0,0
2014-02-11 23,1853,173,285,1395,0,0,0
2014-02-12 00,1077,71,150,856,0,0,0
2014-02-12 01,742,79,123,540,0,0,0
2014-02-12 02,455,39,96,320,0,0,0
2014-02-12 03,387,41,87,259,0,0,0
2014-02-12 04,226,15,36,175,0,0,0
2014-02-12 05,311,45,78,188,0,0,0
2014-02-12 06,412,34,60,318,0,0,0
2014-02-12 07,987,127,204,656,0,0,0
2014-02-12 08,3110,405,609,2096,0,0,0
2014-02-12 09,4232,520,810,2902,0,0,0
2014-02-12 10,5014,634,954,3426,0,0,0
2014-02-12 11,4370,582,942,2846,0,0,0
2014-02-12 12,3989,483,789,2717,0,0,0
2014-02-12 13,3415,339,549,2527,0,0,0
2014-02-12 14,3764,437,675,2652,0,0,0
2014-02-12 15,4534,526,888,3120,0,0,0
2014-02-12 16,4972,674,1035,3263,0,0,0
2014-02-12 17,4022,427,720,2875,0,0,0
2014-02-12 18,3449,325,573,2551,0,0,0
2014-02-12 19,3321,362,552,2407,0,0,0
2014-02-12 20,3512,356,609,2547,0,0,0
2014-02-12 21,2661,297,450,1914,0,0,0
2014-02-12 22,2713,300,513,1900,0,0,0
2014-02-12 23,1966,150,261,1555,0,0,0
2014-02-13 00,1207,124,195,888,0,0,0
2014-02-13 01,768,69,114,585,0,0,0
2014-02-13 02,685,82,117,486,0,0,0
2014-02-13 03,484,47,105,332,0,0,0
2014-02-13 04,368,50,99,219,0,0,0
2014-02-13 05,419,58,120,241,0,0,0
2014-02-13 06,411,41,78,292,0,0,0
2014-02-13 07,1197,185,270,742,0,0,0
2014-02-13 08,3183,484,711,1988,0,0,0
2014-02-13 09,4277,572,915,2790,0,0,0
2014-02-13 10,4870,644,1026,3200,0,0,0
2014-02-13 11,4250,500,822,2928,0,0,0
2014-02-13 12,4696,523,813,3360,0,0,0
2014-02-13 13,3872,414,678,2780,0,0,0
2014-02-13 14,3581,354,558,2669,0,0,0
2014-02-13 15,3490,342,582,2566,0,0,0
2014-02-13 16,3192,360,567,2265,0,0,0
2014-02-13 17,3133,367,585,2181,0,0,0
2014-02-13 18,2918,318,561,2039,0,0,0
2014-02-13 19,3742,419,645,2678,0,0,0
2014-02-13 20,4195,448,690,3057,0,0,0
2014-02-13 21,3431,305,522,2604,0,0,0
2014-02-13 22,3022,299,432,2291,0,0,0
2014-02-13 23,2418,242,378,1798,0,0,0
2014-02-14 00,1527,133,231,1163,0,0,0
2014-02-14 01,903,70,108,725,0,0,0
2014-02-14 02,496,25,60,411,0,0,0
2014-02-14 03,390,28,69,293,0,0,0
2014-02-14 04,308,32,51,225,0,0,0
2014-02-14 05,292,22,45,225,0,0,0
2014-02-14 06,454,39,72,343,0,0,0
2014-02-14 07,1023,126,180,717,0,0,0
2014-02-14 08,2431,311,480,1640,0,0,0
2014-02-14 09,3571,432,699,2440,0,0,0
2014-02-14 10,4104,556,843,2705,0,0,0
2014-02-14 11,3594,400,705,2489,0,0,0
2014-02-14 12,3614,378,612,2624,0,0,0
2014-02-14 13,3830,381,627,2822,0,0,0
2014-02-14 14,4269,447,702,3120,0,0,0
2014-02-14 15,4707,539,867,3301,0,0,0
2014-02-14 16,4310,434,735,3141,0,0,0
2014-02-14 17,3376,349,558,2469,0,0,0
2014-02-14 18,2986,274,495,2217,0,0,0
2014-02-14 19,2702,299,462,1941,0,0,0
2014-02-14 20,3217,310,534,2373,0,0,0
2014-02-14 21,3428,376,609,2443,0,0,0
2014-02-14 22,3219,348,513,2358,0,0,0
2014-02-14 23,2437,298,462,1677,0,0,0
2014-02-15 00,1537,151,255,1131,0,0,0
2014-02-15 01,786,25,63,698,0,0,0
2014-02-15 02,688,78,123,487,0,0,0
2014-02-15 03,435,23,54,358,0,0,0
2014-02-15 04,438,55,84,299,0,0,0
2014-02-15 05,392,42,78,272,0,0,0
2014-02-15 06,356,31,45,280,0,0,0
2014-02-15 07,874,129,165,580,0,0,0
2014-02-15 08,2344,333,498,1513,0,0,0
2014-02-15 09,3760,446,699,2615,0,0,0
2014-02-15 10,4530,507,822,3201,0,0,0
2014-02-15 11,4326,502,810,3014,0,0,0
2014-02-15 12,4135,480,843,2812,0,0,0
2014-02-15 13,3895,458,744,2693,0,0,0
2014-02-15 14,4435,529,780,3126,0,0,0
2014-02-15 15,4431,468,741,3222,0,0,0
2014-02-15 16,4410,474,726,3210,0,0,0
2014-02-15 17,3590,342,582,2666,0,0,0
2014-02-15 18,3676,429,669,2578,0,0,0
2014-02-15 19,3447,300,474,2673,0,0,0
2014-02-15 20,4041,449,675,2917,0,0,0
2014-02-15 21,4040,422,639,2979,0,0,0
2014-02-15 22,3090,315,465,2310,0,0,0
2014-02-15 23,2486,212,357,1917,0,0,0
2014-02-16 00,1597,143,195,1259,0,0,0
2014-02-16 01,1006,69,132,805,0,0,0
2014-02-16 02,956,99,153,704,0,0,0
2014-02-16 03,441,36,45,360,0,0,0
2014-02-16 04,366,35,72,259,0,0,0
2014-02-16 05,412,62,75,275,0,0,0
2014-02-16 06,406,30,60,316,0,0,0
2014-02-16 07,778,86,114,578,0,0,0
2014-02-16 08,2216,284,474,1458,0,0,0
2014-02-16 09,3393,476,681,2236,0,0,0
2014-02-16 10,3985,453,750,2782,0,0,0
2014-02-16 11,3948,497,747,2704,0,0,0
2014-02-16 12,3376,353,579,2444,0,0,0
2014-02-16 13,4018,426,723,2869,0,0,0
2014-02-16 14,4806,588,939,3279,0,0,0
2014-02-16 15,4905,625,957,3323,0,0,0
2014-02-16 16,4191,470,756,2965,0,0,0
2014-02-16 17,3473,323,564,2586,0,0,0
2014-02-16 18,4170,492,816,2862,0,0,0
2014-02-16 19,3631,317,531,2783,0,0,0
2014-02-16 20,4030,475,732,2823,0,0,0
2014-02-16 21,4177,459,684,3034,0,0,0
2014-02-16 22,3524,345,564,2615,0,0,0
2014-02-16 23,2421,266,396,1759,0,0,0
2014-02-17 00,1282,74,144,1064,0,0,0
2014-02-17 01,1042,118,186,738,0,0,0
2014-02-17 02,613,56,81,476,0,0,0
2014-02-17 03,408,31,36,341,0,0,0
2014-02-17 04,355,27,48,280,0,0,0
2014-02-17 05,290,22,36,232,0,0,0
2014-02-17 06,524,50,75,399,0,0,0
2014-02-17 07,1297,160,225,912,0,0,0
2014-02-17 08,4234,617,960,2657,0,0,0
2014-02-17 09,4930,561,873,3496,0,0,0
2014-02-17 10,5948,702,1119,4127,0,0,0
2014-02-17 11,5744,694,1098,3952,0,0,0
2014-02-17 12,5639,579,924,4136,0,0,0
2014-02-17 13,4936,476,756,3704,0,0,0
2014-02-17 14,5799,656,966,4177,0,0,0
2014-02-17 15,5990,682,1038,4270,0,0,0
2014-02-17 16,6721,820,1323,4578,0,0,0
2014-02-17 17,5628,547,951,4130,0,0,0
2014-02-17 18,5250,505,804,3941,0,0,0
2014-02-17 19,5242,547,813,3882,0,0,0
2014-02-17 20,5056,468,762,3826,0,0,0
2014-02-17 21,4896,479,717,3700,0,0,0
2014-02-17 22,4395,460,738,3197,0,0,0
2014-02-17 23,2504,164,267,2073,0,0,0
2014-02-18 00,1647,116,177,1354,0,0,0
2014-02-18 01,888,58,90,740,0,0,0
2014-02-18 02,821,52,102,667,0,0,0
2014-02-18 03,494,25,51,418,0,0,0
2014-02-18 04,390,28,48,314,0,0,0
2014-02-18 05,508,49,99,360,0,0,0
2014-02-18 06,593,44,72,477,0,0,0
2014-02-18 07,1565,183,255,1127,0,0,0
2014-02-18 08,4440,648,957,2835,0,0,0
2014-02-18 09,5924,628,1023,4273,0,0,0
2014-02-18 10,6244,824,1260,4160,0,0,0
2014-02-18 11,5637,695,1131,3811,0,0,0
2014-02-18 12,5348,605,993,3750,0,0,0
2014-02-18 13,4655,501,816,3338,0,0,0
2014-02-18 14,4815,554,864,3397,0,0,0
2014-02-18 15,5698,732,1173,3793,0,0,0
2014-02-18 16,6011,745,1242,4024,0,0,0
2014-02-18 17,5029,556,951,3522,0,0,0
2014-02-18 18,4624,418,675,3531,0,0,0
2014-02-18 19,4970,546,825,3599,0,0,0
2014-02-18 20,4442,430,663,3349,0,0,0
2014-02-18 21,4715,474,729,3512,0,0,0
2014-02-18 22,4045,421,663,2961,0,0,0
2014-02-18 23,2410,173,312,1925,0,0,0
2014-02-19 00,1463,155,234,1074,0,0,0
2014-02-19 01,771,78,117,576,0,0,0
2014-02-19 02,534,49,96,389,0,0,0
2014-02-19 03,415,54,81,280,0,0,0
2014-02-19 04,362,25,48,289,0,0,0
2014-02-19 05,273,17,36,220,0,0,0
2014-02-19 06,510,64,87,359,0,0,0
2014-02-19 07,1315,165,258,892,0,0,0
2014-02-19 08,4151,553,768,2830,0,0,0
2014-02-19 09,5270,639,1077,3554,0,0,0
2014-02-19 10,6511,888,1416,4207,0,0,0
2014-02-19 11,5765,683,1083,3999,0,0,0
2014-02-19 12,5725,652,1125,3948,0,0,0
2014-02-19 13,4594,497,846,3251,0,0,0
2014-02-19 14,5560,721,1125,3714,0,0,0
2014-02-19 15,5706,591,1050,4065,0,0,0
2014-02-19 16,6636,772,1248,4616,0,0,0
2014-02-19 17,6324,677,1101,4546,0,0,0
2014-02-19 18,5735,595,966,4174,0,0,0
2014-02-19 19,5664,563,855,4246,0,0,0
2014-02-19 20,5948,585,909,4454,0,0,0
2014-02-19 21,5430,463,708,4259,0,0,0
2014-02-19 22,4605,475,642,3488,0,0,0
2014-02-19 23,3933,416,705,2812,0,0,0
2014-02-20 00,2257,179,312,1766,0,0,0
2014-02-20 01,1334,111,189,1034,0,0,0
2014-02-20 02,976,107,213,656,0,0,0
2014-02-20 03,575,43,84,448,0,0,0
2014-02-20 04,560,67,108,385,0,0,0
2014-02-20 05,389,26,63,300,0,0,0
2014-02-20 06,728,93,159,476,0,0,0
2014-02-20 07,1816,210,336,1270,0,0,0
2014-02-20 08,6065,863,1281,3921,0,0,0
2014-02-20 09,7589,889,1443,5257,0,0,0
2014-02-20 10,8957,1050,1722,6185,0,0,0
2014-02-20 11,8349,1011,1680,5658,0,0,0
2014-02-20 12,7559,802,1242,5515,0,0,0
2014-02-20 13,7167,700,1113,5354,0,0,0
2014-02-20 14,7242,922,1428,4892,0,0,0
2014-02-20 15,7909,894,1470,5545,0,0,0
2014-02-20 16,7799,911,1434,5454,0,0,0
2014-02-20 17,6487,603,945,4939,0,0,0
2014-02-20 18,6516,647,1059,4810,0,0,0
2014-02-20 19,6828,718,1197,4913,0,0,0
2014-02-20 20,6664,673,981,5010,0,0,0
2014-02-20 21,6717,709,1113,4895,0,0,0
2014-02-20 22,5775,596,921,4258,0,0,0
2014-02-20 23,3905,406,615,2884,0,0,0
2014-02-21 00,2243,193,252,1798,0,0,0
2014-02-21 01,1358,86,138,1134,0,0,0
2014-02-21 02,902,73,129,700,0,0,0
2014-02-21 03,574,60,78,436,0,0,0
2014-02-21 04,469,53,78,338,0,0,0
2014-02-21 05,462,41,81,340,0,0,0
2014-02-21 06,932,135,186,611,0,0,0
2014-02-21 07,2327,315,426,1586,0,0,0
2014-02-21 08,6996,971,1476,4549,0,0,0
2014-02-21 09,9321,1048,1725,6548,0,0,0
2014-02-21 10,9247,1066,1725,6456,0,0,0
2014-02-21 11,8462,984,1620,5858,0,0,0
2014-02-21 12,7889,790,1326,5773,0,0,0
2014-02-21 13,7305,781,1173,5351,0,0,0
2014-02-21 14,7190,795,1284,5111,0,0,0
2014-02-21 15,7665,929,1464,5272,0,0,0
2014-02-21 16,7601,935,1488,5178,0,0,0
2014-02-21 17,7062,804,1206,5052,0,0,0
2014-02-21 18,6159,665,978,4516,0,0,0
2014-02-21 19,5003,439,723,3841,0,0,0
2014-02-21 20,4696,421,612,3663,0,0,0
2014-02-21 21,5046,521,828,3697,0,0,0
2014-02-21 22,4788,428,672,3688,0,0,0
2014-02-21 23,3883,392,561,2930,0,0,0
2014-02-22 00,2587,226,348,2013,0,0,0
2014-02-22 01,1684,158,261,1265,0,0,0
2014-02-22 02,1112,88,126,898,0,0,0
2014-02-22 03,699,55,105,539,0,0,0
2014-02-22 04,459,48,93,318,0,0,0
2014-02-22 05,424,34,69,321,0,0,0
2014-02-22 06,752,89,141,522,0,0,0
2014-02-22 07,1233,117,183,933,0,0,0
2014-02-22 08,3209,411,624,2174,0,0,0
2014-02-22 09,5614,721,1131,3762,0,0,0
2014-02-22 10,6784,772,1299,4713,0,0,0
2014-02-22 11,6514,727,1245,4542,0,0,0
2014-02-22 12,5335,593,1005,3737,0,0,0
2014-02-22 13,5394,629,993,3772,0,0,0
2014-02-22 14,5237,599,951,3687,0,0,0
2014-02-22 15,6090,663,1137,4290,0,0,0
2014-02-22 16,5469,644,996,3829,0,0,0
2014-02-22 17,5085,537,822,3726,0,0,0
2014-02-22 18,5076,604,927,3545,0,0,0
2014-02-22 19,5492,593,957,3942,0,0,0
2014-02-22 20,5251,536,813,3902,0,0,0
2014-02-22 21,5750,561,894,4295,0,0,0
2014-02-22 22,5162,561,837,3764,0,0,0
2014-02-22 23,3414,358,516,2540,0,0,0
2014-02-23 00,2286,222,348,1716,0,0,0
2014-02-23 01,1188,65,132,991,0,0,0
2014-02-23 02,701,46,75,580,0,0,0
2014-02-23 03,472,16,48,408,0,0,0
2014-02-23 04,491,62,93,336,0,0,0
2014-02-23 05,466,52,84,330,0,0,0
2014-02-23 06,667,77,120,470,0,0,0
2014-02-23 07,1168,128,186,854,0,0,0
2014-02-23 08,3418,484,705,2229,0,0,0
2014-02-23 09,5709,639,1062,4008,0,0,0
2014-02-23 10,6996,854,1335,4807,0,0,0
2014-02-23 11,7422,879,1497,5046,0,0,0
2014-02-23 12,6097,610,954,4533,0,0,0
2014-02-23 13,6510,805,1233,4472,0,0,0
2014-02-23 14,6148,625,1008,4515,0,0,0
2014-02-23 15,7214,849,1296,5069,0,0,0
2014-02-23 16,6456,702,1173,4581,0,0,0
2014-02-23 17,5582,669,1038,3875,0,0,0
2014-02-23 18,5343,510,825,4008,0,0,0
2014-02-23 19,5858,658,999,4201,0,0,0
2014-02-23 20,5408,587,843,3978,0,0,0
2014-02-23 21,5671,597,939,4135,0,0,0
2014-02-23 22,5386,639,921,3826,0,0,0
2014-02-23 23,3626,387,570,2669,0,0,0
2014-02-24 00,2307,219,357,1731,0,0,0
2014-02-24 01,1183,83,135,965,0,0,0
2014-02-24 02,830,55,117,658,0,0,0
2014-02-24 03,532,46,75,411,0,0,0
2014-02-24 04,441,39,66,336,0,0,0
2014-02-24 05,401,29,48,324,0,0,0
2014-02-24 06,958,129,147,682,0,0,0
2014-02-24 07,2188,218,303,1667,0,0,0
2014-02-24 08,6685,921,1323,4441,0,0,0
2014-02-24 09,9184,1168,1863,6153,0,0,0
2014-02-24 10,9121,1133,1758,6230,0,0,0
2014-02-24 11,7344,818,1467,5059,0,0,0
2014-02-24 12,7142,748,1155,5239,0,0,0
2014-02-24 13,7513,934,1455,5124,0,0,0
2014-02-24 14,6942,752,1275,4915,0,0,0
2014-02-24 15,7370,847,1377,5146,0,0,0
2014-02-24 16,7646,875,1446,5325,0,0,0
2014-02-24 17,6944,731,1230,4983,0,0,0
2014-02-24 18,6674,626,1062,4986,0,0,0
2014-02-24 19,6155,593,948,4614,0,0,0
2014-02-24 20,6853,787,1218,4848,0,0,0
2014-02-24 21,6685,716,1110,4859,0,0,0
2014-02-24 22,6489,724,1164,4601,0,0,0
2014-02-24 23,4104,437,651,3016,0,0,0
2014-02-25 00,2257,202,327,1728,0,0,0
2014-02-25 01,1251,97,165,989,0,0,0
2014-02-25 02,742,59,96,587,0,0,0
2014-02-25 03,407,20,39,348,0,0,0
2014-02-25 04,332,20,42,270,0,0,0
2014-02-25 05,241,24,36,181,0,0,0
2014-02-25 06,467,41,69,357,0,0,0
2014-02-25 07,1409,176,255,978,0,0,0
2014-02-25 08,3923,521,801,2601,0,0,0
2014-02-25 09,4927,663,1089,3175,0,0,0
2014-02-25 10,5359,699,1107,3553,0,0,0
2014-02-25 11,4618,489,864,3265,0,0,0
2014-02-25 12,3347,333,546,2468,0,0,0
2014-02-25 13,1387,149,222,1016,0,0,0
2014-02-25 14,2425,239,423,1763,0,0,0
2014-02-25 15,3241,416,648,2177,0,0,0
2014-02-25 16,3166,321,525,2320,0,0,0
2014-02-25 17,3857,399,657,2801,0,0,0
2014-02-25 18,4112,459,672,2981,0,0,0
2014-02-25 19,3621,328,561,2732,0,0,0
2014-02-25 20,3581,412,570,2599,0,0,0
2014-02-25 21,3545,368,615,2562,0,0,0
2014-02-25 22,3580,331,561,2688,0,0,0
2014-02-25 23,2693,274,456,1963,0,0,0
2014-02-26 00,1872,183,285,1404,0,0,0
2014-02-26 01,1253,130,204,919,0,0,0
2014-02-26 02,884,87,156,641,0,0,0
2014-02-26 03,1593,318,534,741,0,0,0
2014-02-26 04,502,49,78,375,0,0,0
2014-02-26 05,263,31,51,181,0,0,0
2014-02-26 06,502,78,120,304,0,0,0
2014-02-26 07,1166,162,195,809,0,0,0
2014-02-26 08,3598,500,723,2375,0,0,0
2014-02-26 09,3979,407,693,2879,0,0,0
2014-02-26 10,4595,560,900,3135,0,0,0
2014-02-26 11,4033,451,780,2802,0,0,0
2014-02-26 12,4224,510,813,2901,0,0,0
2014-02-26 13,4109,494,759,2856,0,0,0
2014-02-26 14,4495,531,900,3064,0,0,0
2014-02-26 15,4540,549,885,3106,0,0,0
2014-02-26 16,4630,578,954,3098,0,0,0
2014-02-26 17,4199,456,756,2987,0,0,0
2014-02-26 18,3931,405,654,2872,0,0,0
2014-02-26 19,3951,430,687,2834,0,0,0
2014-02-26 20,3674,331,498,2845,0,0,0
2014-02-26 21,4035,406,639,2990,0,0,0
2014-02-26 22,4022,439,660,2923,0,0,0
2014-02-26 23,2770,276,420,2074,0,0,0
2014-02-27 00,1537,142,210,1185,0,0,0
2014-02-27 01,689,33,60,596,0,0,0
2014-02-27 02,447,26,39,382,0,0,0
2014-02-27 03,378,32,48,298,0,0,0
2014-02-27 04,425,39,93,293,0,0,0
2014-02-27 05,271,26,45,200,0,0,0
2014-02-27 06,431,29,51,351,0,0,0
2014-02-27 07,1447,172,264,1011,0,0,0
2014-02-27 08,3926,487,759,2680,0,0,0
2014-02-27 09,4391,506,768,3117,0,0,0
2014-02-27 10,5027,552,918,3557,0,0,0
2014-02-27 11,4378,521,849,3008,0,0,0
2014-02-27 12,3584,352,624,2608,0,0,0
2014-02-27 13,3860,364,615,2881,0,0,0
2014-02-27 14,3864,445,681,2738,0,0,0
2014-02-27 15,4229,583,906,2740,0,0,0
2014-02-27 16,4537,550,870,3117,0,0,0
2014-02-27 17,3897,481,750,2666,0,0,0
2014-02-27 18,4189,457,735,2997,0,0,0
2014-02-27 19,3689,334,540,2815,0,0,0
2014-02-27 20,3757,398,576,2783,0,0,0
2014-02-27 21,4302,451,684,3167,0,0,0
2014-02-27 22,3729,366,546,2817,0,0,0
2014-02-27 23,2553,233,342,1978,0,0,0
2014-02-28 00,1570,153,228,1189,0,0,0
2014-02-28 01,767,50,63,654,0,0,0
2014-02-28 02,858,118,201,539,0,0,0
2014-02-28 03,356,20,33,303,0,0,0
2014-02-28 04,330,33,60,237,0,0,0
2014-02-28 05,243,13,33,197,0,0,0
2014-02-28 06,477,36,54,387,0,0,0
2014-02-28 07,1522,200,300,1022,0,0,0
2014-02-28 08,3863,518,744,2601,0,0,0
2014-02-28 09,4989,624,1041,3324,0,0,0
2014-02-28 10,5565,730,1104,3731,0,0,0
2014-02-28 11,4900,607,978,3315,0,0,0
2014-02-28 12,4156,438,690,3028,0,0,0
2014-02-28 13,4261,478,705,3078,0,0,0
2014-02-28 14,4329,462,741,3126,0,0,0
2014-02-28 15,5012,602,939,3471,0,0,0
2014-02-28 16,4815,588,954,3273,0,0,0
2014-02-28 17,4210,463,789,2958,0,0,0
2014-02-28 18,4448,545,840,3063,0,0,0
2014-02-28 19,3875,416,672,2787,0,0,0
2014-02-28 20,4028,423,690,2915,0,0,0
2014-02-28 21,4075,397,615,3063,0,0,0
2014-02-28 22,3765,370,603,2792,0,0,0
2014-02-28 23,2885,217,324,2344,0,0,0
2014-03-01 00,1848,137,195,1516,0,0,0
2014-03-01 01,1017,54,111,852,0,0,0
2014-03-01 02,663,35,78,550,0,0,0
2014-03-01 03,550,56,102,392,0,0,0
2014-03-01 04,283,7,18,258,0,0,0
2014-03-01 05,271,18,30,223,0,0,0
2014-03-01 06,409,20,48,341,0,0,0
2014-03-01 07,883,69,99,715,0,0,0
2014-03-01 08,2391,284,435,1672,0,0,0
2014-03-01 09,3615,464,687,2464,0,0,0
2014-03-01 10,4442,476,771,3195,0,0,0
2014-03-01 11,4443,520,837,3086,0,0,0
2014-03-01 12,3534,357,570,2607,0,0,0
2014-03-01 13,3718,394,621,2703,0,0,0
2014-03-01 14,3627,434,708,2485,0,0,0
2014-03-01 15,3574,370,633,2571,0,0,0
2014-03-01 16,3801,415,645,2741,0,0,0
2014-03-01 17,3530,423,615,2492,0,0,0
2014-03-01 18,3808,415,639,2754,0,0,0
2014-03-01 19,3070,291,453,2326,0,0,0
2014-03-01 20,3637,429,621,2587,0,0,0
2014-03-01 21,3972,395,603,2974,0,0,0
2014-03-01 22,3712,374,567,2771,0,0,0
2014-03-01 23,3091,283,444,2364,0,0,0
2014-03-02 00,2470,279,423,1768,0,0,0
2014-03-02 01,1645,144,228,1273,0,0,0
2014-03-02 02,1046,90,165,791,0,0,0
2014-03-02 03,1621,358,516,747,0,0,0
2014-03-02 04,674,109,162,403,0,0,0
2014-03-02 05,379,23,33,323,0,0,0
2014-03-02 06,580,63,87,430,0,0,0
2014-03-02 07,1416,187,300,929,0,0,0
2014-03-02 08,3200,426,630,2144,0,0,0
2014-03-02 09,4177,475,711,2991,0,0,0
2014-03-02 10,4745,474,771,3500,0,0,0
2014-03-02 11,5026,561,963,3502,0,0,0
2014-03-02 12,4753,615,1008,3130,0,0,0
2014-03-02 13,4078,433,690,2955,0,0,0
2014-03-02 14,3996,477,786,2733,0,0,0
2014-03-02 15,3669,436,702,2531,0,0,0
2014-03-02 16,4465,520,777,3168,0,0,0
2014-03-02 17,4311,462,765,3084,0,0,0
2014-03-02 18,4331,420,687,3224,0,0,0
2014-03-02 19,4350,531,819,3000,0,0,0
2014-03-02 20,4775,534,798,3443,0,0,0
2014-03-02 21,4911,544,816,3551,0,0,0
2014-03-02 22,4133,358,627,3148,0,0,0
2014-03-02 23,2769,278,402,2089,0,0,0
2014-03-03 00,1565,171,270,1124,0,0,0
2014-03-03 01,715,63,96,556,0,0,0
2014-03-03 02,447,33,54,360,0,0,0
2014-03-03 03,435,41,84,310,0,0,0
2014-03-03 04,256,13,24,219,0,0,0
2014-03-03 05,245,16,30,199,0,0,0
2014-03-03 06,571,61,84,426,0,0,0
2014-03-03 07,1819,269,369,1181,0,0,0
2014-03-03 08,4471,593,891,2987,0,0,0
2014-03-03 09,5815,682,1113,4020,0,0,0
2014-03-03 10,5748,667,1002,4079,0,0,0
2014-03-03 11,5301,590,978,3733,0,0,0
2014-03-03 12,4986,500,807,3679,0,0,0
2014-03-03 13,4389,453,717,3219,0,0,0
2014-03-03 14,4593,549,828,3216,0,0,0
2014-03-03 15,5295,578,975,3742,0,0,0
2014-03-03 16,5605,698,1089,3818,0,0,0
2014-03-03 17,4424,478,747,3199,0,0,0
2014-03-03 18,4436,461,759,3216,0,0,0
2014-03-03 19,4401,422,753,3226,0,0,0
2014-03-03 20,4521,512,747,3262,0,0,0
2014-03-03 21,4739,484,816,3439,0,0,0
2014-03-03 22,4423,445,711,3267,0,0,0
2014-03-03 23,3126,331,501,2294,0,0,0
2014-03-04 00,1365,126,186,1053,0,0,0
2014-03-04 01,785,60,84,641,0,0,0
2014-03-04 02,1328,162,318,848,0,0,0
2014-03-04 03,643,59,126,458,0,0,0
2014-03-04 04,343,31,48,264,0,0,0
2014-03-04 05,334,17,51,266,0,0,0
2014-03-04 06,541,41,51,449,0,0,0
2014-03-04 07,1860,250,366,1244,0,0,0
2014-03-04 08,4683,657,984,3042,0,0,0
2014-03-04 09,5654,632,1035,3987,0,0,0
2014-03-04 10,5776,658,1104,4014,0,0,0
2014-03-04 11,5204,610,960,3634,0,0,0
2014-03-04 12,5202,608,1002,3592,0,0,0
2014-03-04 13,4501,482,777,3242,0,0,0
2014-03-04 14,3260,410,630,2220,0,0,0
2014-03-04 15,3092,314,546,2232,0,0,0
2014-03-04 16,3510,403,699,2408,0,0,0
2014-03-04 17,2667,337,534,1796,0,0,0
2014-03-04 18,2500,297,459,1744,0,0,0
2014-03-04 19,1966,207,324,1435,0,0,0
2014-03-04 20,1899,217,336,1346,0,0,0
2014-03-04 21,2159,209,324,1626,0,0,0
2014-03-04 22,2175,252,432,1491,0,0,0
2014-03-04 23,1786,218,330,1238,0,0,0
2014-03-05 00,1221,122,189,910,0,0,0
2014-03-05 01,615,42,72,501,0,0,0
2014-03-05 02,898,155,195,548,0,0,0
2014-03-05 03,258,14,27,217,0,0,0
2014-03-05 04,128,2,6,120,0,0,0
2014-03-05 05,150,4,9,137,0,0,0
2014-03-05 06,325,24,42,259,0,0,0
2014-03-05 07,1019,129,189,701,0,0,0
2014-03-05 08,2662,373,582,1707,0,0,0
2014-03-05 09,3046,428,651,1967,0,0,0
2014-03-05 10,3046,384,597,2065,0,0,0
2014-03-05 11,3717,463,717,2537,0,0,0
2014-03-05 12,4513,537,846,3130,0,0,0
2014-03-05 13,4028,422,687,2919,0,0,0
2014-03-05 14,4430,524,789,3117,0,0,0
2014-03-05 15,4242,551,867,2824,0,0,0
2014-03-05 16,3599,380,615,2604,0,0,0
2014-03-05 17,3779,423,690,2666,0,0,0
2014-03-05 18,3412,382,612,2418,0,0,0
2014-03-05 19,2868,246,426,2196,0,0,0
2014-03-05 20,2541,236,402,1903,0,0,0
2014-03-05 21,3167,351,549,2267,0,0,0
2014-03-05 22,3653,408,606,2639,0,0,0
2014-03-05 23,2726,274,399,2053,0,0,0
2014-03-06 00,1573,169,243,1161,0,0,0
2014-03-06 01,764,89,144,531,0,0,0
2014-03-06 02,596,97,156,343,0,0,0
2014-03-06 03,222,18,30,174,0,0,0
2014-03-06 04,287,32,48,207,0,0,0
2014-03-06 05,197,14,21,162,0,0,0
2014-03-06 06,471,57,81,333,0,0,0
2014-03-06 07,920,100,144,676,0,0,0
2014-03-06 08,2739,333,501,1905,0,0,0
2014-03-06 09,3914,480,765,2669,0,0,0
2014-03-06 10,3896,419,630,2847,0,0,0
2014-03-06 11,3754,390,561,2803,0,0,0
2014-03-06 12,3493,337,573,2583,0,0,0
2014-03-06 13,3582,360,555,2667,0,0,0
2014-03-06 14,3729,412,648,2669,0,0,0
2014-03-06 15,3596,426,696,2474,0,0,0
2014-03-06 16,3926,374,603,2949,0,0,0
2014-03-06 17,3597,350,546,2701,0,0,0
2014-03-06 18,3201,333,501,2367,0,0,0
2014-03-06 19,3388,290,408,2690,0,0,0
2014-03-06 20,2749,233,363,2153,0,0,0
2014-03-06 21,2740,243,357,2140,0,0,0
2014-03-06 22,2524,244,366,1914,0,0,0
2014-03-06 23,1804,180,267,1357,0,0,0
2014-03-07 00,1035,108,153,774,0,0,0
